R,B_crit,B_crit_over_R,rb_km,rb_altitude_km,rb_over_lunar_distance,time_ratio_at_break_even,model_validity_flag
11.938801902178554,1368017.0368654896,114585.78909964644,9135804232.909864,9135797854.773565,23766.400189671866,68758950.58623819,two_body_invalid
11.9388057038857,1238744.5440933674,103757.82761002598,8272504906.336867,8272498528.200567,21520.564272468437,59246778.77823105,two_body_invalid
11.938809902330773,1121687.8355481166,93953.06942018846,7490784251.842308,7490777873.706008,19486.95174776875,51050531.69386324,two_body_invalid
11.938814538916484,1015692.5630476568,85074.8254558142,6782933374.928596,6782926996.792295,17645.508259439634,43988162.62654683,two_body_invalid
11.938819659366239,919713.4628462854,77035.54363724325,6141971861.83248,6141965483.69618,15978.07456251946,37902809.617069855,two_body_invalid
11.938825314175043,832804.0416667085,69755.94497374169,5561578901.441159,5561572523.304859,14468.207339857334,32659310.98417261,two_body_invalid
11.938831559107449,754107.246817181,63164.242085475766,5036030979.062876,5036024600.926576,13101.017115147959,28141203.51797266,two_body_invalid
11.93883845574748,682847.0159782176,57195.43140727296,4560145444.750815,4560139066.614515,11863.021448363203,24248135.78931807,two_body_invalid
11.93884607210593,618320.6200093662,51790.65181634415,4129229377.5230546,4129222999.3867545,10742.01190822855,20893639.006739225,two_body_invalid
11.938854483291056,559891.7359054668,46896.60441787439,3739033325.6203117,3739026947.4840117,9726.933729501332,18003206.62326171,two_body_invalid
11.938863772249249,506984.1705611407,42465.02684280367,3385709392.949745,3385703014.813445,8807.77677666427,15512639.406155895,two_body_invalid
11.938874030583005,459076.17954137793,38452.21738376614,3065773299.0605936,3065766920.9242935,7975.476844590514,13366619.549009316,two_body_invalid
11.93888535945426,415695.3209750571,34818.603953330785,2776070012.74368,2776063634.60738,7221.826255836837,11517481.961844346,two_body_invalid
11.938897870581988,376413.7971576314,31528.353893128853,2513742642.619215,2513736264.482915,6539.392930851236,9924155.608351758,two_body_invalid
11.938911687343916,340844.235757854,28549.020604547466,2276204263.460283,2276197885.3239827,5921.447095370143,8551251.272052305,two_body_invalid
11.9389269459932,308635.8697402701,25851.223576156546,2061112405.194569,2061106027.058269,5361.894914658088,7368275.524885218,two_body_invalid
11.938943797002086,279471.07814011414,23408.35863640554,1866345951.7276328,1866339573.5913327,4855.21839679405,6348953.43218262,two_body_invalid
11.93896240654577,253062.25425432943,21196.335630940852,1689984226.2956667,1689977848.1593666,4396.420984119841,5470644.974057546,two_body_invalid
11.938982958141137,229148.969051843,19193.340827711574,1530288048.3326895,1530281670.1963894,3980.978273498152,4713842.174364178,two_body_invalid
11.939005654456496,207495.4030495677,17379.621808966604,1385682583.188449,1385676205.0521488,3604.7934005943,4061735.812560904,two_body_invalid
11.939030719310182,187888.02103996577,15737.292704681275,1254741813.6421592,1254735435.5058591,3264.1566431898004,3499842.081473682,two_body_invalid
11.939058399877723,170133.46592512977,14250.157778512268,1136174474.6394222,1136168096.503122,2955.708831007862,3015680.875464861,two_body_invalid
11.939088969129358,154056.65228964452,12903.551744022132,1028811321.9119532,1028804943.7756532,2676.4082255774015,2598498.6052722773,two_body_invalid
11.9391227285219,139499.03957433434,11684.195124410515,931593599.9964987,931587221.8601987,2423.500520282255,2239029.343612574,two_body_invalid
11.93916001097155,126317.0687998578,10580.063311303149,843562602.4619279,843556224.3256279,2194.4916817427884,1929289.024062215,two_body_invalid
11.939201184136914,114380.74674106718,9580.26797412877,763850216.8326274,763843838.6963274,1987.123352842423,1662398.1038774597,two_body_invalid
11.939246654044666,103572.36409155339,8674.949692614493,691670364.3166193,691663986.1803193,1799.3505835499982,1432428.7646849928,two_body_invalid
11.939296869093532,93785.33464714064,7855.18072592001,626311247.7147176,626304869.5784177,1629.3216641902125,1234273.2490301828,two_body_invalid
11.939352324476166,84923.14420798552,7112.876971884778,567128332.0454829,567121953.9091829,1475.3598648425673,1063530.412057111,two_body_invalid
11.939413567062456,76898.39881878313,6440.71824690993,513537988.56359273,513531610.4272927,1335.9469005296378,916407.9680299007,two_body_invalid
11.93948120079244,69631.96294430451,5832.076098891378,465011739.37861484,465005361.2423148,1209.7079588413496,789638.2601126207,two_body_invalid
11.939555892632036,63052.179066853394,5280.948440114363,421071045.82045376,421064667.68415374,1095.3981420927516,680405.6823604496,two_body_invalid
11.939638379150281,57094.16104757607,4781.900358663906,381282589.40986377,381276211.27356374,991.8901909725904,586284.1425799279,two_body_invalid
11.939729473782961,51699.15425729819,4330.010522501221,345253998.7249626,345247620.58866256,898.1633681710786,505183.1765508856,two_body_invalid
11.93983007485426,46813.95615942884,3920.822647050968,312629979.97489035,312623601.8385903,813.2933922343661,435301.51668469806,two_body_invalid
11.939941174435527,42390.391672590646,3550.301551179518,283088813.3999453,283082435.2636453,736.4433231007943,375087.08445005346,two_body_invalid
11.940063868128528,38384.83808669441,3214.793363807258,256339180.5963765,256332802.4600765,666.855308523352,323202.51715565345,two_body_invalid
11.94019936586966,34757.794873995976,2910.989490958504,232117291.65598646,232110913.51968646,603.8431104474154,278495.4638415354,two_body_invalid
11.940349003861662,31473.49417141909,2635.8939894671553,210184283.91399226,210177905.77769226,546.7853379656407,239972.990720211,two_body_invalid
11.940514257750495,28499.548046150037,2386.794021677182,190323866.34058863,190317488.20428863,495.1193193043409,206779.52709182655,two_body_invalid
11.94069675717734,25806.629109224126,2161.233103395932,172340186.63494632,172333808.49864632,448.33555316063035,178177.86244398198,two_body_invalid
11.940898301849204,23368.1813046458,1956.9868793729643,156055899.83553648,156049521.69923648,405.9726842755892,153532.77237047523,two_body_invalid
11.941120879286613,21160.158027031728,1772.0411878366212,141310419.43405697,141304041.29775697,367.6129537826664,132296.90969380894,two_body_invalid
11.941366684423441,19160.784989529846,1604.5721981323595,127958333.7750744,127951955.6387744,332.87807953973567,113998.64745990005,two_body_invalid
11.941638141252103,17350.34549647206,1452.9284249985524,115867972.07753158,115861593.94123158,301.4255256959718,98231.60371425778,two_body_invalid
11.941937926727615,15710.986008432052,1315.614442549464,104920105.97170219,104913727.83540219,272.94512479631163,84645.61544793592,two_body_invalid
11.94226899716622,14226.540081808065,1191.2761373223027,95006773.74372742,95000395.60742742,247.15601910438974,72938.9612269711,two_body_invalid
11.942634617398927,12882.368943153067,1078.6873546633558,86030215.66926314,86023837.53296314,223.8038909189988,62851.65973311738,two_body_invalid
11.943038392967436,11665.21713061937,976.7378071469939,77901909.96737106,77895531.83107106,202.65845464976863,54159.69540808291,two_body_invalid
11.943484305679974,10563.081775433007,884.4221254939409,70541699.84438762,70535321.70808762,183.51118585948913,46670.04291848475,two_body_invalid
11.94397675287765,9565.094236875459,800.8299442286633,63877003.0361988,63870624.899898805,166.17326492247346,40216.37994962853,two_body_invalid
11.944520590798572,8661.412921566123,725.1369241423066,57842096.04079978,57835717.904499784,150.47371498647186,34655.39309067744,two_body_invalid
11.945121182467341,7843.126231004789,656.5966231064004,52377465.98875526,52371087.852455266,136.25771589166303,29863.594768438335,two_body_invalid
11.945784450582194,7102.164680825475,594.5331351160737,47429223.763598524,47422845.62729853,123.38507742871624,25734.580533410834,two_body_invalid
11.946516935921325,6431.221323705276,538.3344248537907,42948572.57517025,42942194.43887025,111.7288568552816,22176.665771199874,two_body_invalid
11.947325861844389,5823.679692492483,487.44629215239655,38891326.754006885,38884948.61770689,101.17410706037171,19110.84935639809,two_body_invalid
11.948219205525204,5273.5485523512025,441.3669067866248,35217476.017269015,35211097.88096902,91.6167430209912,16469.059015924595,two_body_invalid
11.949205776618179,4775.402818470047,399.6418596970187,31890790.909147136,31884412.772847135,82.9625153723911,14192.639429846948,two_body_invalid
11.950295304134178,4324.330056978597,361.85968186766104,28878465.52668984,28872087.390389837,75.12608097473944,12231.049490394933,two_body_invalid
11.951498532382578,3915.8820412443197,327.647786646523,26150794.006151788,26144415.869851787,68.03016130632619,10540.739782842758,two_body_invalid
11.952827326925611,3546.0308859970874,296.66879550824757,23680877.58069831,23674499.44439831,61.60478038683224,9084.185356897236,two_body_invalid
11.954294791589897,3211.1293265626773,268.61721101455316,21444359.31971277,21437981.183412768,55.786574713092534,7829.052304966425,two_body_invalid
11.955915397689024,2907.874751545852,243.2164041665868,19419183.934151836,19412805.797851834,50.51816840310051,6747.47963651703,two_body_invalid
11.957705126731533,2633.276634408384,220.21588645146264,17585380.28018446,17579002.143884458,45.74760738861722,5815.460498790016,two_body_invalid
11.95968162802159,2384.6270425047064,199.38883965920246,15924864.414512323,15918486.278212324,41.42784707209241,5012.308999281001,two_body_invalid
11.96186439270653,2159.473932994813,180.52987913084036,14421261.260836428,14414883.124536429,37.51628839967853,4320.200788568745,two_body_invalid
11.964274945987617,1955.5969721871452,163.45302837118277,13059743.128133064,13053364.991833065,33.97435777349913,3723.777199049264,two_body_invalid
11.96693705938951,1770.9856398206136,147.98988505008148,11826883.488064766,11820505.351764766,30.767126659897933,3209.804147102616,two_body_invalid
11.969876985181712,1603.819402468272,133.98796031519325,10710524.570267677,10704146.433967678,27.862967144296768,2766.8782229646545,two_body_invalid
11.973123715263721,1452.4497604453402,121.30917503121685,9699657.46915633,9693279.332856331,25.233240034225627,2385.1734400411997,two_body_invalid
11.976709267066894,1315.3839912346773,109.8284981210716,8784313.580303181,8777935.444003182,22.852012435752293,2056.2230189532056,two_body_invalid
11.980668999292398,1191.2704290889296,99.43271357879,7955466.295615357,7949088.159315357,20.695802017729857,1772.7313595099195,two_body_invalid
11.985041960598886,1078.8851356683087,90.01930399702977,7204941.988036958,7198563.851736957,18.743345442343802,1528.4120244423957,two_body_invalid
11.989871274678482,977.1198302408493,81.49543959695694,6525339.407781254,6518961.271481253,16.975388677890876,1317.8481363530386,two_body_invalid
11.995204565518437,884.9709604454345,73.77706279302505,5909956.69539652,5903578.55909652,15.37449712642175,1136.3720872770448,two_body_invalid
12.001094427042194,801.529805817536,66.7880592632819,5352725.291762039,5346347.155462039,13.924883693449633,979.9618890926886,two_body_invalid
12.007598941761163,725.9735164997471,60.459507352039196,4848150.09337561,4841771.95707561,12.612253104515116,845.1518627072663,two_body_invalid
12.01478225355188,657.556998759039,54.7289984023346,4391255.262731793,4384877.126431793,11.42366093322527,728.955682372812,two_body_invalid
12.022715200206942,595.6055672893879,49.540021315579025,3977535.159397354,3971157.023097354,10.347385950565437,628.8000659175988,two_body_invalid
12.031476011997599,539.5082918458999,44.841405269636965,3602909.9079270978,3596531.771627098,9.372814536751035,542.4676381427827,two_body_invalid
12.041151083136809,488.7119725947594,40.58681509936227,3263685.164429668,3257307.028129668,8.490336015685921,468.047698360713,two_body_invalid
12.05183582375053,442.7156847670032,36.73429436323255,2956515.685021881,2950137.548721881,7.691247879869618,403.8937986156066,two_body_invalid
12.063635600758866,401.0658388224092,33.245851590309975,2678372.33692988,2671994.20062988,6.967669971201561,348.5871904027134,two_body_invalid
12.076666776945558,363.35170740461,30.08708562682635,2426512.226885705,2420134.090585705,6.3124667712947575,300.905328032496,two_body_invalid
12.09105785846249,329.20137498236846,27.226846388131502,2198451.6522796666,2192073.5159796667,5.719177035066771,259.7947291125939,two_body_invalid
12.106950762085303,298.2780702289106,24.63692766993092,1991941.6082896374,1985563.4719896375,5.18195007359427,224.34758937921526,two_body_invalid
12.124502214717047,270.2768449767282,22.29178898979118,1804945.6094885615,1798567.4731885616,4.69548805798273,193.78163251026203,two_body_invalid
12.143885298941015,244.92156699400383,20.16830371539838,1635619.607195539,1629241.470895539,4.254993775222526,167.42274739161184,two_body_invalid
12.16529115986411,221.96219692911583,18.245530995708222,1482293.804540077,1475915.668240077,3.856123320863884,144.69002722546423,two_body_invalid
12.188930890082704,201.17232256954188,16.50450924561579,1343456.1899069669,1337078.053606967,3.4949432619848255,125.08287821247424,two_body_invalid
12.215037611359445,182.3469260997217,14.928069147339107,1217737.626379969,1211359.4900799692,3.1678918480228124,108.16991150616839,two_body_invalid
12.243868773539349,165.30036234040384,13.500664324142399,1103898.3501486038,1097520.213848604,2.871743886963069,93.57937174520164,two_body_invalid
12.275708693375794,149.8645280316802,12.208218016166347,1000815.7447307311,994437.6084307311,2.603578940506585,80.99088959582754,two_body_invalid
12.310871358302913,135.88720410730713,11.037984245985943,907473.2704545169,901095.1341545169,2.3607525245955174,70.12837514456163,two_body_invalid
12.349703522803573,123.23055461300702,9.978422104260506,822950.4400302547,816572.3037302546,2.140870031296188,60.75389431841757,two_body_invalid
12.39258812790765,111.76976746610242,9.019081915132888,746413.7413579376,740035.6050579376,1.9417631148749677,52.66239234299539,two_body_invalid
12.439948077541704,101.39182365360092,8.15050215817599,677108.4180643109,670730.2817643109,1.7614683092203718,45.67714706191415,two_body_invalid
12.492250408970351,91.99438273169132,7.364116129599244,614351.026716601,607972.890416601,1.5982076657559858,39.64585115039625,two_body_invalid
12.550010898455863,83.4847736370433,6.652167421409583,557522.697322822,551144.5610228219,1.450371220923054,34.4372362235951,two_body_invalid
12.613799147554422,75.77908085889003,6.007633384077006,506063.0306643887,499684.89436438866,1.3165011203548092,29.938163875374535,two_body_invalid
12.684244200207244,68.80131696134195,5.424155816884843,459464.5722873434,453086.4359873434,1.1952772432032865,26.051119053424014,two_body_invalid
12.762040746019176,62.48267329724293,4.895978201349417,417267.8086673587,410889.6723673587,1.0855041848786646,22.6920501122782,two_body_invalid
12.847955970898003,56.760841525941395,4.417888857535844,379056.6362129366,372678.4999129366,0.9860994698567549,19.78850758513944,lunar_third_body_caution
12.942837122611648,51.579399245902195,3.9851694614769544,344454.2584362521,338076.12213625206,0.8960828783461292,17.278040349793667,lunar_third_body_caution
13.047619865870535,46.88725368551055,3.593548414769228,313119.4708445168,306741.3345445168,0.8145667815934361,15.106813580435285,lunar_third_body_caution
13.163337509328258,42.638137968056135,3.2391586053187824,284743.29692888394,278365.1606288839,0.7407473905538083,13.22841780294171,lunar_third_body_caution
13.291131195492067,38.79015498563133,2.918499141652272,259045.9420921706,252667.80579217058,0.6738968316653762,11.602842615592294,lunar_third_body_caution
13.432261154030328,35.30536438619121,2.62840068260569,235774.03549215072,229395.8991921507,0.6133559716237011,10.195592294495304,lunar_third_body_caution
13.588119129450808,32.149408603350075,2.3659940200016085,214698.13261756444,208319.99631756442,0.5585279204411145,8.976923654515506,lunar_third_body_caution
13.760242105704535,29.291174243497295,2.1286816044722174,195610.45398512433,189232.31768512432,0.5088721487646315,7.921189252159636,lunar_third_body_caution
13.966841639680448,26.50047009375681,1.8973845896890347,176973.75130018176,170595.61500018174,0.4603895715405353,6.936579132127713,lunar_third_body_caution
14.150007786335113,24.46190471280088,1.7287555655216056,163359.93382969665,156981.79752969663,0.42497381329265516,6.247564144885838,lunar_third_body_caution
14.312398458930872,22.917314538491077,1.6012211093934976,153044.950118015,146666.81381801498,0.39813982861086106,5.743246697727713,lunar_third_body_caution
14.456370099038693,21.71429302634478,1.5020570777852953,145011.00848806993,138632.87218806992,0.3772398763997657,5.361428174312059,lunar_third_body_caution
14.584011870724282,20.757043656278025,1.4232739139458184,138618.366721675,132240.230421675,0.3606096949055021,5.064684595931299,lunar_third_body_caution
14.697175976285864,19.98231285136114,1.3596022040970954,133444.60881063133,127066.47251063133,0.34715038712443114,4.8292246529870795,lunar_third_body_caution
14.797504533453633,19.34664166040448,1.3074259660922103,129199.50995543943,122821.37365543943,0.3361069457737758,4.639238272807717,lunar_third_body_caution
14.886453404064277,18.819177105547325,1.2641813731408544,125677.02976468453,119298.89346468453,0.3269433656729566,4.483828858255213,lunar_third_body_caution
14.965313319987104,18.377406055520574,1.2280000867724172,122726.82247921175,116348.68617921176,0.31926852882209095,4.355253296466911,lunar_third_body_caution
15.035228612858864,18.00451333181994,1.1974884982075762,120236.59404506069,113858.45774506069,0.3127903070891277,4.2478646817963295,lunar_third_body_caution
15.09721381941333,17.68768555079942,1.171586079548998,118120.77493977909,111742.63863977909,0.3072860950566574,4.157451966176873,lunar_third_body_caution
15.152168403364609,17.416987874639467,1.149471640690843,116313.01896228967,109934.88266228967,0.30258329594768385,4.080813520384861,lunar_third_body_caution
15.200889807472615,17.184599853626434,1.130499600436459,114761.10008347737,108382.96378347737,0.29854604600280277,4.015473657075704,lunar_third_body_caution
15.244085025188395,16.984283120797336,1.1141556277555225,113423.35763847397,107045.22133847397,0.29506596680144115,3.959489343098855,lunar_third_body_caution
15.282380859794834,16.811002740674667,1.100025113554221,112266.16764189898,105888.03134189898,0.29205558699765605,3.911315414274756,lunar_third_body_caution
15.316333019912502,16.660652769566028,1.0877703395392224,111262.11004213443,104883.97374213443,0.28944357451127584,3.8697086849391695,lunar_third_body_caution
15.346434183355013,16.529853968423353,1.077113665033138,110388.61782022705,104010.48152022705,0.2871712222170319,3.83365849057575,lunar_third_body_caution
15.373121146348018,16.415802407727732,1.0678249557427972,109626.96595267397,103248.82965267397,0.28518981777490626,3.8023355523557583,lunar_third_body_caution
15.396781161853735,16.31615457640581,1.0597120531160025,108961.50415310677,102583.36785310677,0.2834586476407564,3.7750537696461324,lunar_third_body_caution
15.417757558976088,16.2289390780526,1.0526134566569474,108379.06716763161,102000.93086763161,0.28194346297510825,3.751241283415455,lunar_third_body_caution
15.436354724989286,16.152487964514634,1.0463926394724545,107868.5162111383,101490.3799111383,0.2806152867095169,3.7304182870039977,lunar_third_body_caution
15.452842522283795,16.085382761769253,1.0409335847804895,107420.3785207655,101042.2422207655,0.2794494758604722,3.7121798148095206,lunar_third_body_caution
15.467460204323729,16.026411619839372,1.0361372460722023,107026.56119719111,100648.42489719111,0.27842497709987285,3.6961822497496892,lunar_third_body_caution
15.480419887439906,15.974534978874367,1.031918713770507,106680.12191804065,100301.98561804065,0.2775237302758602,3.682132641346668,lunar_third_body_caution
15.491909628837544,15.928857822575832,1.0282049278757042,106375.08364248263,99996.94734248263,0.2767301863748247,3.6697801711822295,lunar_third_body_caution
15.502096155483384,15.888607076229057,1.0249328166248637,106106.28367220213,99728.14737220213,0.27603091486004716,3.658909275622306,lunar_third_body_caution
15.511127283470978,15.853113059298742,1.0220477705828765,105869.24978930698,99491.11348930698,0.27541428144981006,3.6493340597944823,lunar_third_body_caution
15.519134062971387,15.821794161141607,1.0195023831189374,105660.09791864782,99281.96161864782,0.2748701818903429,3.6408937267250443,lunar_third_body_caution
15.526232679894573,15.79414409878015,1.017255404089912,105475.4470334945,99097.31073349451,0.2743898205866142,3.633448811162153,lunar_third_body_caution
15.532526141856348,15.769721260167755,1.0152708655466045,105312.34798840803,98934.21168840803,0.2739655254641208,3.6268780566188132,lunar_third_body_caution
15.538105772915873,15.748139742449965,1.0135173471337926,105168.22367152777,98790.08737152777,0.2735905922776477,3.621075810133117,lunar_third_body_caution
15.543052538773765,15.72906177881443,1.011967355805859,105040.81843004322,98662.68213004322,0.2732591530438169,3.6159498370684355,lunar_third_body_caution
15.54743822166063,15.712191308576848,1.0105967995863578,104928.15513035156,98550.01883035156,0.27296606433494164,3.6114194786733713,lunar_third_body_caution
15.551326461964845,15.697268495545627,1.009384539250573,104828.49855094965,98450.36225094965,0.27270681204721553,3.6074140914314783,lunar_third_body_caution
15.554773681714492,15.684065036510903,1.0083120048830025,104740.3240518843,98362.1877518843,0.2724774298956407,3.603871719291101,lunar_third_body_caution
15.557829903314143,15.672380131498212,1.0073628667298686,104662.29066355698,98284.15436355698,0.27227442940571533,3.600737959439936,lunar_third_body_caution
15.56053947541703,15.662037012358645,1.006522751804458,104593.21790417582,98215.08160417582,0.27209473960503594,3.597964990085034,lunar_third_body_caution
15.562941716465778,15.652879942195765,1.0057789990715464,104532.06574151944,98153.92944151945,0.27193565489469157,3.5955107340064414,lunar_third_body_caution
15.56507148524002,15.644771616043688,1.0051204474633635,104477.91723431101,98099.78093431101,0.27179478989154787,3.593338136972475,lunar_third_body_caution
15.566959686690119,15.63759090350796,1.004537251861597,104429.9634572663,98051.8271572663,0.2716700402114108,3.591414543466377,lunar_third_body_caution
15.5686337203971,15.631230883293913,1.0040207229498117,104387.49037540615,98009.35407540615,0.27155954832311696,3.58971115506032,lunar_third_body_caution
15.570117878166371,15.625597130156388,1.0035631876665374,104349.8674040732,97971.7311040732,0.27146167378791153,3.5882025597707323,lunar_third_body_caution
15.571433696524686,15.620606217247515,1.0031578672639374,104316.53740740631,97938.40110740632,0.2713749672409113,3.5868663218252004,lunar_third_body_caution
15.572600269235437,15.616184406862233,1.002798770717367,104287.00795496065,97908.87165496065,0.2712981476455792,3.585682623883536,lunar_third_body_caution
15.573634524367133,15.612266502021852,1.0024806012748195,104260.84365242615,97882.70735242615,0.27123008234241974,3.584633954004041,lunar_third_body_caution
15.574551469935619,15.608794840089985,1.0021986745634677,104237.65942085763,97859.52312085763,0.27116976956518635,3.5837048318257128,lunar_third_body_caution
15.575364411684516,15.605718407617777,1.0019488465971615,104217.11458549048,97838.97828549048,0.2711163230631906,3.5828815682510102,lunar_third_body_caution
15.57608514616409,15.602992062838139,1.0017274505385376,104198.90768345125,97820.77138345125,0.27106895859378577,3.5821520546642165,lunar_third_body_caution
15.5767241319103,15.600575852071696,1.0015312410978976,104182.77189862342,97804.63559862343,0.2710269820463669,3.581505577849909,lunar_third_body_caution
15.577290641208016,15.598434405185213,1.0013573454116125,104168.47102443628,97790.33472443628,0.2709897789397406,3.580932656670604,lunar_third_body_caution
15.577792894640584,15.596536405836073,1.0012032199504937,104155.79592608541,97777.65962608541,0.27095680521874455,3.5804248989487046,lunar_third_body_caution
15.578238180378248,15.594854122418447,1.0010666124017238,104144.56140812728,97766.42510812728,0.27092757910542997,3.5799748749835967,lunar_third_body_caution
15.578632959936357,15.593362993157795,1.0009455279715056,104134.60344368372,97756.46714368372,0.2709016738909566,3.5795760058299217,lunar_third_body_caution
15.578982961938031,15.592041263867694,1.0008381998980014,104125.77675533273,97747.64045533273,0.2708787116423848,3.5792224656159406,lunar_third_body_caution
15.579293265241889,15.590869661845074,1.0007430630135843,104117.95263733632,97739.81633733632,0.2708583575372953,3.5789090940095214,lunar_third_body_caution
15.579568372641058,15.589831115315336,1.000658730872949,104111.01708205683,97732.88078205683,0.27084031498974204,3.5786313205518203,lunar_third_body_caution
15.57981227620295,15.588910495244733,1.0005839748823981,104104.86905574483,97726.73275574483,0.27082432116478883,3.5783850956247996,lunar_third_body_caution
15.580028515197917,15.588094398695587,1.0005177065940414,104099.41905175567,97721.28275175567,0.270810143214765,3.5781668319416253,lunar_third_body_caution
15.580220227457389,15.587370948145049,1.0004589614641684,104094.58775037287,97716.45145037287,0.27079757479285343,3.5779733508755673,lunar_third_body_caution
15.580390194906773,15.586729617432404,1.0004068847086836,104090.30485646045,97712.16855646046,0.27078643302929356,3.577801835744791,lunar_third_body_caution
15.580540883933807,15.586161079320421,1.0003607188882904,104086.50808145688,97708.37178145688,0.2707765558830824,3.577649790827764,lunar_third_body_caution
15.580674481178164,15.585657066672194,1.000319792670083,104083.1422162951,97705.00591629511,0.2707677997302162,3.577515004262839,lunar_third_body_caution
15.580792925261662,15.585210251983625,1.0002835110345893,104080.158326904,97702.022026904,0.27076003727082204,3.5773955157345187,lunar_third_body_caution
15.58089793491948,15.584814140521955,1.0002513465924,104077.51304057297,97699.37674057297,0.27075315567266645,3.5772895878271522,lunar_third_body_caution
15.580991033940634,15.584462977899395,1.000222832036242,104075.16792871605,97697.03162871605,0.2707470549654424,3.5771956811358128,lunar_third_body_caution
15.581073573279587,15.58415166015699,1.0001975529390146,104073.08890639966,97694.95260639966,0.27074164647866716,3.5771124304990107,lunar_third_body_caution
15.581146750659867,15.583875664389799,1.0001751420337412,104071.24576904814,97693.10946904814,0.27073685163644157,3.5770386261528704,lunar_third_body_caution
15.581211627954167,15.583630983340644,1.0001552738929582,104069.61175565184,97691.47545565185,0.27073260082115463,3.576973196191824,lunar_third_body_caution
15.581269146593119,15.583414061076327,1.0001376598056955,104068.16311920424,97690.02681920424,0.27072883225599437,3.576915189664036,lunar_third_body_caution
15.581320141226335,15.583221747875603,1.0001220440008953,104066.87882543751,97688.74252543751,0.2707254912212214,3.5768637641435737,lunar_third_body_caution
15.58136535183396,15.583051255186323,1.0001081999756951,104065.74025202035,97687.60395202035,0.27072252927164503,3.576818173632166,lunar_third_body_caution
15.581405434464484,15.582900104399215,1.0000959265158087,104064.73084646219,97686.59454646219,0.27071990334667584,3.5767777554133087,lunar_third_body_caution
15.581440970754617,15.5827660960322,1.0000850451046261,104063.83592032193,97685.69962032193,0.2707175752349686,3.576741921530708,lunar_third_body_caution
15.581472476369392,15.582647292728794,1.0000753982886523,104063.04253566888,97684.90623566888,0.27071551127905535,3.5767101534477717,lunar_third_body_caution
15.581500408484946,15.582541965304694,1.0000668457332378,104062.33914477463,97684.20284477463,0.2707136814380193,3.5766819889746713,lunar_third_body_caution
15.581525172422575,15.582448584287413,1.00005926325277,104061.71553361339,97683.57923361339,0.2707120591405135,3.5766570191240135,lunar_third_body_caution
15.581547127530335,15.582365801042272,1.0000525412210506,104061.16269581897,97683.02639581898,0.27071062095686516,3.5766348828843824,lunar_third_body_caution
15.581566592397513,15.582292409411691,1.000046581774039,104060.67257650668,97682.53627650668,0.2707093459326396,3.5766152579484984,lunar_third_body_caution
15.58158384947766,15.58222733524671,1.0000412978407887,104060.23800236333,97682.10170236333,0.2707082154067725,3.576597857542613,lunar_third_body_caution
15.581599149187259,15.582169645757943,1.00003661348012,104059.85274409427,97681.71644409427,0.2707072131740226,3.5765824316119863,lunar_third_body_caution
15.581612713539503,15.582118504120098,1.0000324607336797,104059.51121326613,97681.37491326613,0.2707063246963219,3.5765687563576263,lunar_third_body_caution
15.581624739365914,15.582073155560435,1.000028778526118,104059.20836940368,97681.07206940369,0.2707055368610918,3.576556630608362,lunar_third_body_caution
15.581635401172559,15.582032959987977,1.0000255145756645,104058.93993789215,97680.80363789215,0.2707048385481065,3.5765458822481127,lunar_third_body_caution
15.58164485367229,15.581997311125079,1.000022620041472,104058.70186992678,97680.56556992678,0.2707042192245754,3.576536350365248,lunar_third_body_caution
15.58165323402978,15.581965716599326,1.0000200545195592,104058.49087737747,97680.35457737747,0.2707036703365699,3.5765279019819025,lunar_third_body_caution
15.581660663851908,15.58193770442894,1.0000177799133871,104058.30380828558,97680.16750828558,0.27070318368440577,3.576520411599525,lunar_third_body_caution
15.581667250952387,15.581912864210562,1.0000157629638868,104058.13792192153,97680.00162192153,0.2707027521381934,3.576513769680229,lunar_third_body_caution
15.58167309091625,15.58189085566735,1.000013975697592,104057.99094587019,97679.85464587019,0.2707023697863428,3.576507884167666,lunar_third_body_caution
15.581678268486872,15.581871336292195,1.0000123906938647,104057.86059282241,97679.72429282242,0.2707020306785182,3.57650266469119,lunar_third_body_caution
15.581682858795677,15.58185404218284,1.000010986193771,104057.74510040296,97679.60880040296,0.27070173022997646,3.576498039657523,lunar_third_body_caution
15.581686928452367,15.58183868620943,1.0000097394946876,104057.64255111951,97679.50625111951,0.2707014634524441,3.5764939341924444,lunar_third_body_caution
15.581690536511493,15.58182506649654,1.0000086338503984,104057.55159682046,97679.41529682046,0.2707012268387629,3.5764902932146,lunar_third_body_caution
15.581693735329392,15.581813016544343,1.000007655214958,104057.47112559728,97679.33482559728,0.2707010174963509,3.5764870705666088,lunar_third_body_caution
15.58169657132392,15.581802327298156,1.0000067871925082,104057.3997413543,97679.2634413543,0.27070083179332544,3.576484212149211,lunar_third_body_caution
15.581699085648035,15.581792821008175,1.0000060157342037,104057.3362570541,97679.19995705411,0.27070066664166,3.576481671627957,lunar_third_body_caution
15.58170131478694,15.581784429349502,1.0000053341134503,104057.2802164137,97679.1439164137,0.27070052085435403,3.576479427068821,lunar_third_body_caution
15.581703291087546,15.58177698238472,1.0000047293479921,104057.23048456786,97679.09418456786,0.27070039147910474,3.5764774355701827,lunar_third_body_caution
15.581705043227831,15.581770399971107,1.0000041944538864,104057.18652631258,97679.05022631258,0.27070027712360195,3.576475674221299,lunar_third_body_caution
15.581706596633001,15.581764512020934,1.0000037168834859,104057.14720577879,97679.01090577879,0.2707001748329313,3.5764741014695107,lunar_third_body_caution
15.58170797384443,15.581759331103203,1.0000032959967455,104057.11260690402,97678.97630690402,0.2707000848254527,3.576472715512951,lunar_third_body_caution
15.58170919484675,15.581754785534768,1.0000029259105947,104057.08225097845,97678.94595097845,0.2707000058558232,3.5764714969899103,lunar_third_body_caution
15.581710277357859,15.581750622335571,1.0000025892522062,104057.05444856676,97678.91814856677,0.27069993352904986,3.576470388107308,lunar_third_body_caution
15.581711237086006,15.581746958113818,1.0000022924970993,104057.02997839446,97678.89367839447,0.27069986987095335,3.5764694107405317,lunar_third_body_caution
15.581712087957754,15.581743817264833,1.0000020363171196,104057.00900337685,97678.87270337685,0.2706998153053508,3.5764685673430923,lunar_third_body_caution
15.581712842320055,15.581740952410174,1.0000018040436507,104056.98987148695,97678.85357148695,0.27069976553456543,3.5764678023950016,lunar_third_body_caution
15.581713511119412,15.58173836653462,1.000001595165717,104056.97260265755,97678.83630265755,0.2706997206104515,3.5764671143523596,lunar_third_body_caution
15.581714104060735,15.581736228943313,1.0000014199261025,104056.95832753145,97678.82202753145,0.2706996834743274,3.5764665375905405,lunar_third_body_caution
15.581714629748163,15.581734200809121,1.0000012560274285,104056.94478337489,97678.80848337489,0.270699648239789,3.5764659977229125,lunar_third_body_caution
15.581715095809912,15.581732455044294,1.0000011140772551,104056.93312491942,97678.79682491942,0.27069961791082053,3.576465530312836,lunar_third_body_caution
