R,regime,strategy,B,B_over_R,dv_hohmann_bar,dv_bielliptic_bar,saving_bar,dv_saving_m_s,t_hohmann_days,t_bielliptic_days,time_ratio,extra_time_days,rb_km,rb_altitude_km,rb_over_lunar_distance,model_validity_flag
2.0,hohmann_only,B/R=1.25,2.5,1.25,0.2844570503761733,0.35167117091396244,-0.06721412053778913,-519.2802067002765,0.057741365353145155,0.17884009815235088,3.0972613317778,0.12109873279920572,16695.34075,10317.20445,0.043432207986472425,two_body_reasonable
2.0,hohmann_only,B/R=1.5,3.0,1.5,0.2844570503761733,0.4003842484769841,-0.11592719810081081,-895.6257838429652,0.057741365353145155,0.21313828443560034,3.6912581323986786,0.15539691908245518,20034.408900000002,13656.272600000002,0.05211864958376691,two_body_reasonable
2.0,hohmann_only,B/R=2,4.0,2.0,0.2844570503761733,0.46632138825555525,-0.18186433787938194,-1405.0403428594907,0.057741365353145155,0.28755688087360953,4.9800845393058655,0.2298155155204644,26712.5452,20334.408900000002,0.06949153277835587,two_body_reasonable
2.0,hohmann_only,B/R=3,6.0,3.0,0.2844570503761733,0.5386832083726658,-0.2542261579964925,-1964.090444340702,0.057741365353145155,0.4572465952106019,7.918873972135746,0.39950522985745673,40068.817800000004,33690.681500000006,0.10423729916753383,lunar_third_body_caution
2.0,hohmann_only,B/R=5,10.0,5.0,0.2844570503761733,0.6018980862576204,-0.3174410358814471,-2452.4734595759664,0.057741365353145155,0.8673406779635621,15.021132123546474,0.809599312610417,66781.363,60403.2267,0.1737288319458897,lunar_third_body_caution
2.0,hohmann_only,B/R=10,20.0,10.0,0.2844570503761733,0.652826629734077,-0.3683695793579037,-2845.935196065248,0.057741365353145155,2.2160569996703674,38.3790197221178,2.1583156343172223,133562.726,127184.5897,0.3474576638917794,lunar_third_body_caution
2.0,hohmann_only,B/R=20,40.0,20.0,0.2844570503761733,0.6795273721600897,-0.39507032178391643,-3052.218740878357,0.057741365353145155,5.941976746248361,102.90675861070028,5.884235380895216,267125.452,260747.31569999998,0.6949153277835588,lunar_third_body_caution
2.0,hohmann_only,B/R=50,100.0,50.0,0.2844570503761733,0.6959668512156382,-0.41150980083946487,-3179.2262210582185,0.057741365353145155,22.726794134343365,393.5964103956791,22.66905276899022,667813.63,661435.4937,1.737288319458897,two_body_invalid
2.0,hohmann_only,B/R=100,200.0,100.0,0.2844570503761733,0.7015185564841522,-0.4170615061079789,-3222.1173670898343,0.057741365353145155,63.569492028116784,1100.9350339973244,63.51175066276364,1335627.26,1329249.1237,3.474576638917794,two_body_invalid
5.0,hohmann_only,B/R=1.25,6.25,1.25,0.4800091544886025,0.5042885779455685,-0.024279423456965987,-187.57701403246756,0.1633172439847156,0.6362350585147191,3.89570043549267,0.4729178145300035,41738.351875,35360.215575,0.10858051996618107,lunar_third_body_caution
5.0,hohmann_only,B/R=1.5,7.5,1.5,0.4800091544886025,0.520582336629892,-0.040573182141289466,-313.45869350431246,0.1633172439847156,0.7664810207748534,4.693203253213031,0.6031637767901378,50086.02225,43707.88595,0.13029662395941727,lunar_third_body_caution
5.0,hohmann_only,B/R=2,10.0,2.0,0.4800091544886025,0.5409428261753612,-0.06093367168675867,-470.75896218440073,0.1633172439847156,1.0509778453548195,6.435192143293684,0.8876606013701038,66781.363,60403.2267,0.1737288319458897,lunar_third_body_caution
5.0,hohmann_only,B/R=3,15.0,3.0,0.4800091544886025,0.5611024486856511,-0.08109329419704858,-626.5073802308333,0.1633172439847156,1.7051062754848023,10.440454626116386,1.5417890315000868,100172.0445,93793.9082,0.26059324791883454,lunar_third_body_caution
5.0,hohmann_only,B/R=5,25.0,5.0,0.4800091544886025,0.5768871984681428,-0.09687804397954036,-748.456578765033,0.1633172439847156,3.299154097599868,20.200892551852192,3.1358368536151526,166953.4075,160575.2712,0.43432207986472426,lunar_third_body_caution
5.0,hohmann_only,B/R=10,50.0,10.0,0.4800091544886025,0.5883858449185716,-0.10837669042996911,-837.2923688903387,0.1633172439847156,8.579872577567803,52.535007132319535,8.416555333583087,333906.815,327528.6787,0.8686441597294485,lunar_third_body_caution
5.0,hohmann_only,B/R=20,100.0,20.0,0.4800091544886025,0.5939836129068059,-0.11397445841820342,-880.5393844688024,0.1633172439847156,23.235520275470435,142.2723021069654,23.072203031485717,667813.63,661435.4937,1.737288319458897,two_body_invalid
5.0,hohmann_only,B/R=50,250.0,50.0,0.4800091544886025,0.5972831993816099,-0.11727404489300741,-906.0311997741644,0.1633172439847156,89.43883253032493,547.6386347708346,89.27551528634022,1669534.075,1663155.9387,4.343220798647242,two_body_invalid
5.0,hohmann_only,B/R=100,500.0,100.0,0.4800091544886025,0.5983722114513745,-0.11836305696277205,-914.4446463559514,0.1633172439847156,250.72042478954992,1535.1742331202588,250.5571075455652,3339068.15,3332690.0137,8.686441597294484,two_body_invalid
10.0,hohmann_only,B/R=1.25,12.5,1.25,0.5297875184506737,0.5357336580723421,-0.005946139621668345,-45.93845143108981,0.405409755138401,1.737180009888347,4.284998049184334,1.3317702547499457,83476.70375,77098.56745,0.21716103993236213,lunar_third_body_caution
10.0,hohmann_only,B/R=1.5,15.0,1.5,0.5297875184506737,0.5391418040181755,-0.00935428556750173,-72.2689712245023,0.405409755138401,2.1002305482909374,5.180513102290667,1.6948207931525363,100172.0445,93793.9082,0.26059324791883454,lunar_third_body_caution
10.0,hohmann_only,B/R=2,20.0,2.0,0.5297875184506737,0.5426193542388011,-0.01283183578812741,-99.13569183214344,0.405409755138401,2.8953273488389164,7.141730834401095,2.489917593700515,133562.726,127184.5897,0.3474576638917794,lunar_third_body_caution
10.0,hohmann_only,B/R=3,30.0,3.0,0.5297875184506737,0.5450128111819723,-0.015225292731298579,-117.6269672700087,0.405409755138401,4.72921811820438,11.665279530804318,4.32380836306598,200344.089,193965.9527,0.5211864958376691,lunar_third_body_caution
10.0,hohmann_only,B/R=5,50.0,5.0,0.5297875184506737,0.5459446648872474,-0.01615714643657362,-124.82624594564932,0.405409755138401,9.211798443144103,22.722192365596456,8.806388688005702,333906.815,327528.6787,0.8686441597294485,lunar_third_body_caution
10.0,hohmann_only,B/R=10,100.0,10.0,0.5297875184506737,0.5459369485314829,-0.016149430080809157,-124.76663122802327,0.405409755138401,24.09961404685455,59.44507684238455,23.69420429171615,667813.63,661435.4937,1.737288319458897,two_body_invalid
10.0,hohmann_only,B/R=20,200.0,20.0,0.5297875184506737,0.5456675790373566,-0.015880060586682898,-122.6855469934986,0.405409755138401,65.48336539925276,161.52390160640732,65.07795564411437,1335627.26,1329249.1237,3.474576638917794,two_body_invalid
10.0,hohmann_only,B/R=50,500.0,50.0,0.5297875184506737,0.5454116892771149,-0.015624170826441186,-120.7086039564162,0.405409755138401,252.5979423795116,623.0682394242791,252.1925326243732,3339068.15,3332690.0137,8.686441597294484,two_body_invalid
10.0,hohmann_only,B/R=100,1000.0,100.0,0.5297875184506737,0.5453098135630053,-0.015522295112331608,-119.92153657448388,0.405409755138401,708.6169508897439,1747.9030583460735,708.2115411346055,6678136.3,6671758.163699999,17.37288319458897,two_body_invalid
11.5,hohmann_only,B/R=1.25,14.375,1.25,0.5333963440109302,0.536941742819136,-0.003545398808205813,-27.390902554842626,0.49110028530147565,2.1325280304511267,4.342347366265558,1.641427745149651,95998.2093125,89620.0730125,0.24973519592221644,lunar_third_body_caution
11.5,hohmann_only,B/R=1.5,17.25,1.5,0.5333963440109302,0.5387145216849991,-0.005318177674068947,-41.086967734803245,0.49110028530147565,2.5793802046721632,5.2522474164085216,2.0882799193706876,115197.851175,108819.714875,0.29968223510665976,lunar_third_body_caution
11.5,hohmann_only,B/R=2,23.0,2.0,0.5333963440109302,0.5401143900889162,-0.006718046077985984,-51.9020159467416,0.49110028530147565,3.5583586645097793,7.245686412756574,3.0672583792083032,153597.1349,147218.9986,0.39957631347554634,lunar_third_body_caution
11.5,hohmann_only,B/R=3,34.5,3.0,0.5333963440109302,0.5404020537770501,-0.007005709766119916,-54.12443674521606,0.49110028530147565,5.8173368143297735,11.845517073480497,5.326236529028297,230395.70235,224017.56605,0.5993644702133195,lunar_third_body_caution
11.5,hohmann_only,B/R=5,57.5,5.0,0.5333963440109302,0.539638547323308,-0.006242203312377792,-48.22576863881274,0.49110028530147565,11.341200609892695,23.09345147891857,10.85010032459122,383992.83725,377614.70094999997,0.9989407836888657,lunar_third_body_caution
11.5,hohmann_only,B/R=10,115.0,10.0,0.5333963440109302,0.5383598444965125,-0.004963500485582362,-38.34681667315781,0.49110028530147565,29.693612918869174,60.46344057943464,29.202512633567697,767985.6745,761607.5382,1.9978815673777315,two_body_invalid
11.5,hohmann_only,B/R=20,230.0,20.0,0.5333963440109302,0.5374572174876113,-0.004060873476681159,-31.37333645791127,0.49110028530147565,80.71854191740054,164.36264513234644,80.22744163209907,1535971.349,1529593.2127,3.995763134755463,two_body_invalid
11.5,hohmann_only,B/R=50,575.0,50.0,0.5333963440109302,0.5368226058032087,-0.003426261792278562,-26.470478486784263,0.49110028530147565,311.4532719790136,634.194850422087,310.96217169371215,3839928.3725,3833550.2362,9.989407836888658,two_body_invalid
11.5,hohmann_only,B/R=100,1150.0,100.0,0.5333963440109302,0.5365947440157369,-0.0031984000048067562,-24.710072858462016,0.49110028530147565,873.8082460873674,1779.2867816213052,873.317145802066,7679856.745,7673478.6087,19.978815673777316,two_body_invalid
11.9,hohmann_only,B/R=1.25,14.875,1.25,0.5340367096558453,0.5370504820090457,-0.003013772353200439,-23.283683815183334,0.5148606876118222,2.242441040942855,4.355432634300361,1.7275803533310325,99337.2774625,92959.1411625,0.2584216375195109,lunar_third_body_caution
11.9,hohmann_only,B/R=1.5,17.85,1.5,0.5340367096558453,0.5384632260312504,-0.004426516375405143,-34.19820597206536,0.5148606876118222,2.712601754689322,5.268613083029714,2.1977410670774993,119204.73295500001,112826.59665500002,0.31010596502341314,lunar_third_body_caution
11.9,hohmann_only,B/R=2,23.8,2.0,0.5340367096558453,0.5394083386227286,-0.005371628966883368,-41.49991962882475,0.5148606876118222,3.74272903724145,7.269401465864625,3.227868349629628,158939.64394,152561.50764,0.4134746200312175,lunar_third_body_caution
11.9,hohmann_only,B/R=3,35.7,3.0,0.5340367096558453,0.5392384308983394,-0.005201721242494184,-40.187253219819446,0.5148606876118222,6.119961048938296,11.886634960081517,5.605100361326474,238409.46591000003,232031.32961000002,0.6202119300468263,lunar_third_body_caution
11.9,hohmann_only,B/R=5,59.5,5.0,0.5340367096558453,0.5381092981419974,-0.004072588486152107,-31.463843816943804,0.5148606876118222,11.933521095021026,23.178155532469532,11.418660407409204,397349.10985,390970.97355,1.0336865500780437,two_body_invalid
11.9,hohmann_only,B/R=10,119.0,10.0,0.5340367096558453,0.5365583414974282,-0.0025216318415829386,-19.481524022664214,0.5148606876118222,31.24988782097161,60.69581262054402,30.735027133359793,794698.2197,788320.0834,2.0673731001560873,two_body_invalid
11.9,hohmann_only,B/R=20,238.0,20.0,0.5340367096558453,0.5355207330646937,-0.001484023408848456,-11.46520963644261,0.5148606876118222,84.95739200847841,165.01044661722509,84.44253132086659,1589396.4394,1583018.3031000001,4.134746200312175,two_body_invalid
11.9,hohmann_only,B/R=50,595.0,50.0,0.5340367096558453,0.5348056266058274,-0.0007689169499821569,-5.940468305281112,0.5148606876118222,327.82934703143087,636.7340815086601,327.314486343819,3973491.0985,3967112.9622,10.336865500780437,two_body_invalid
11.9,hohmann_only,B/R=100,1190.0,100.0,0.5340367096558453,0.5345510276299675,-0.0005143179741222692,-3.9734975593666273,0.5148606876118222,919.7723989285123,1786.4490745931103,919.2575382409005,7946982.197,7940604.060699999,20.673731001560874,two_body_invalid
12.0,large_B_bielliptic,B/R=1.25,15.0,1.25,0.5341798721538682,0.5370667237557408,-0.002886851601872631,-22.303124470558657,0.5208590270797074,2.2702060449085697,4.358580588757193,1.7493470178288624,100172.0445,93793.9082,0.26059324791883454,lunar_third_body_caution
12.0,large_B_bielliptic,B/R=1.5,18.0,1.5,0.5341798721538682,0.5383936340331004,-0.00421376187923217,-32.554515660191065,0.5208590270797074,2.7462553218133543,5.272550112476198,2.2253962947336468,120206.4534,113828.3171,0.3127118975026015,lunar_third_body_caution
12.0,large_B_bielliptic,B/R=2,24.0,2.0,0.5341798721538682,0.5392304845413264,-0.0050506123874581865,-39.01982237568278,0.5208590270797074,3.789304851678358,7.275106419723198,3.268445824598651,160275.27120000002,153897.1349,0.4169491966701353,lunar_third_body_caution
12.0,large_B_bielliptic,B/R=3,36.0,3.0,0.5341798721538682,0.5389518382074436,-0.004771966053575438,-36.867067497731846,0.5208590270797074,6.196413183198519,11.896526432382016,5.675554156118812,240412.9068,234034.77049999998,0.625423795005203,lunar_third_body_caution
12.0,large_B_bielliptic,B/R=5,60.0,5.0,0.5341798721538682,0.5377359784310891,-0.003556106277220916,-27.473625897481224,0.5208590270797074,12.083165172082898,23.198532700545485,11.562306145003191,400688.178,394310.0417,1.0423729916753381,two_body_invalid
12.0,large_B_bielliptic,B/R=10,120.0,10.0,0.5341798721538682,0.5361205519627599,-0.0019406798088916766,-14.99322767652285,0.5208590270797074,31.64307953639371,60.75171570665962,31.122220509314,801376.356,794998.2197,2.0847459833506763,two_body_invalid
12.0,large_B_bielliptic,B/R=20,240.0,20.0,0.5341798721538682,0.535051019476107,-0.0008711473222388078,-6.730275691165656,0.5208590270797074,86.02835562356574,165.16629481474027,85.50749659648604,1602752.712,1596374.5757000002,4.169491966701353,two_body_invalid
12.0,large_B_bielliptic,B/R=50,600.0,50.0,0.5341798721538682,0.5343168892638722,-0.00013701711000402295,-1.058561395062239,0.5208590270797074,331.96688500819846,637.3449777177374,331.4460259811188,4006881.7800000003,4000503.6437000004,10.423729916753382,two_body_invalid
12.0,large_B_bielliptic,B_crit,815.8202504753092,67.98502087294243,0.5341798721538682,0.5341798721538682,0.0,0.0,0.5208590270797074,524.0876503171905,1006.1986508241682,523.5667912901108,5448158.828974254,5441780.692674254,14.173149919287862,two_body_invalid
12.0,large_B_bielliptic,1.1*B_crit,897.4022755228402,74.78352296023668,0.5341798721538682,0.5341448773487564,3.499480511182096e-05,0.27036148783179503,0.5208590270797074,603.9811877781204,1159.5866758121729,603.4603287510407,5992974.711871681,5986596.57557168,15.590464911216651,two_body_invalid
12.0,large_B_bielliptic,B/R=100,1200.0,100.0,0.5341798721538682,0.5340559737639212,0.00012389838994697477,0.957209304037898,0.5208590270797074,931.3856370706903,1788.172209076756,930.8647780436105,8013763.5600000005,8007385.4237,20.847459833506765,two_body_invalid
12.0,large_B_bielliptic,2*B_crit,1631.6405009506184,135.97004174588486,0.5341798721538682,0.5339855611794304,0.00019431097443778356,1.5012000776452223,0.5208590270797074,1473.546075756218,2829.068901844568,1473.0252167291383,10896317.657948509,10889939.52164851,28.346299838575725,two_body_invalid
12.5,large_B_bielliptic,B/R=1.25,15.625,1.25,0.534804136563799,0.5370894853559018,-0.002285348792102848,-17.656057739804645,0.5511956984484152,2.4107282186989742,4.3736339479517685,1.8595325202505593,104345.8796875,97967.7433875,0.27145129991545264,lunar_third_body_caution
12.5,large_B_bielliptic,B/R=1.5,18.75,1.5,0.534804136563799,0.5380102695956392,-0.0032061330318402526,-24.769816374322126,0.5511956984484152,2.9165838351966524,5.291376263288468,2.365388136748237,125215.05562500001,118836.91932500001,0.3257415598985432,lunar_third_body_caution
12.5,large_B_bielliptic,B/R=2,25.0,2.0,0.534804136563799,0.5383357070225665,-0.003531570458767508,-27.28406803707772,0.5511956984484152,4.025043737622336,7.302385974623182,3.473848039173921,166953.4075,160575.2712,0.43432207986472426,lunar_third_body_caution
12.5,large_B_bielliptic,B/R=3,37.5,3.0,0.534804136563799,0.5375444500588491,-0.0027403134950501062,-21.171006133051197,0.5511956984484152,6.583384991133478,11.943825051003365,6.0321892926850635,250430.11125000002,244051.97495,0.6514831197970864,lunar_third_body_caution
12.5,large_B_bielliptic,B/R=5,62.5,5.0,0.534804136563799,0.5359206253646457,-0.0011164888008466933,-8.625725229213645,0.5511956984484152,12.840640519159985,23.295973744544206,12.28944482071157,417383.51875,411005.38245,1.0858051996618105,two_body_invalid
12.5,large_B_bielliptic,B_crit,90.75094420913885,7.260075536731108,0.534804136563799,0.534804136563799,0.0,0.0,0.5511956984484152,21.424690772746583,38.86948108095886,20.873495074298166,606047.1747823249,599669.0384823249,1.5766055535440295,two_body_invalid
12.5,large_B_bielliptic,1.1*B_crit,99.82603863005275,7.98608309040422,0.534804136563799,0.5345490268933037,0.000255109670495246,1.9709162504258546,0.5511956984484152,24.479267015532322,44.4112083683528,23.92807131708391,666651.8922605575,660273.7559605575,1.7342661088984326,two_body_invalid
12.5,large_B_bielliptic,B/R=10,125.0,10.0,0.534804136563799,0.534002527944589,0.0008016086192099703,6.193036316558619,0.5511956984484152,33.63343547847846,61.01904563688485,33.082239780030044,834767.0375,828388.9012,2.171610399323621,two_body_invalid
12.5,large_B_bielliptic,2*B_crit,181.5018884182777,14.520151073462216,0.534804136563799,0.5332652970916757,0.001538839472123299,11.888705420365758,0.5511956984484152,57.42435121582408,104.1814211857429,56.87315551737567,1212094.3495646499,1205716.21326465,3.153211107088059,two_body_invalid
12.5,large_B_bielliptic,B/R=20,250.0,20.0,0.534804136563799,0.5327833361384803,0.002020800425318714,15.612220381125661,0.5511956984484152,91.4497491693622,165.9115799103442,90.8985534709138,1669534.075,1663155.9387,4.343220798647242,two_body_invalid
12.5,large_B_bielliptic,B/R=50,625.0,50.0,0.534804136563799,0.5319600987446409,0.002844037819158096,21.972355433342365,0.5511956984484152,352.9120845151681,640.2663981388021,352.3608888167197,4173835.1875,4167457.0512,10.858051996618107,two_body_invalid
12.5,large_B_bielliptic,B/R=100,1250.0,100.0,0.534804136563799,0.5316696099305949,0.0031345266332041266,24.216602478383038,0.5511956984484152,990.1748987546538,1796.4126018071988,989.6237030562053,8347670.375,8341292.2387,21.716103993236214,two_body_invalid
13.0,large_B_bielliptic,B/R=1.25,16.25,1.25,0.5352919021789165,0.5370263233635022,-0.001734421184585666,-13.399722915821224,0.5820994922178572,2.5540380643532368,4.387631493410339,1.9719385721353795,108519.714875,102141.578575,0.2823093519120708,lunar_third_body_caution
13.0,large_B_bielliptic,B/R=1.5,19.5,1.5,0.5352919021789165,0.5375761184552391,-0.0022842162763225815,-17.647308193968698,0.5820994922178572,3.090297055651289,5.308881208394374,2.508197563433432,130223.65785,123845.52155,0.3387712222944849,lunar_third_body_caution
13.0,large_B_bielliptic,B/R=2,26.0,2.0,0.5352919021789165,0.5374356450117064,-0.002143742832789841,-16.562043993382012,0.5820994922178572,4.26547975998376,7.327750353692728,3.683380267765903,173631.5438,167253.4075,0.4516949630593132,lunar_third_body_caution
13.0,large_B_bielliptic,B/R=3,39.0,3.0,0.5352919021789165,0.5361789762201462,-0.000887074041229674,-6.853321709821579,0.5820994922178572,6.97809428819898,11.98780342791873,6.395994795981123,260447.3157,254069.1794,0.6775424445889698,lunar_third_body_caution
13.0,large_B_bielliptic,B_crit,48.90484332838889,3.761911025260684,0.5352919021789165,0.5352919021789165,0.0,0.0,0.5820994922178572,9.330019793895683,16.02822183944428,8.747920301677828,326593.2094771267,320215.0731771267,0.849618130793774,lunar_third_body_caution
13.0,large_B_bielliptic,1.1*B_crit,53.79532766122779,4.138102127786753,0.5352919021789165,0.5349147850829952,0.00037711709592136433,2.9135164152025883,0.5820994922178572,10.573647179298957,18.164673428956803,9.991547687081102,359252.5304248394,352874.3941248394,0.9345799438731515,lunar_third_body_caution
13.0,large_B_bielliptic,B/R=5,65.0,5.0,0.5352919021789165,0.5341860809911427,0.0011058211877738033,8.543309804044547,0.5820994922178572,13.613315286621132,23.386578185720523,13.031215794403275,434078.8595,427700.7232,1.1292374076482832,two_body_invalid
13.0,large_B_bielliptic,2*B_crit,97.80968665677779,7.523822050521368,0.5352919021789165,0.5327888987255018,0.0025030034534146983,19.337605554623586,0.5820994922178572,23.876507440209547,41.01791490873437,23.29440794799169,653186.4189542534,646808.2826542534,1.699236261587548,two_body_invalid
13.0,large_B_bielliptic,B/R=10,130.0,10.0,0.5352919021789165,0.5319950725204255,0.003296829658490985,25.47051680240749,0.5820994922178572,35.66385734433427,61.267631772794395,35.08175785211641,868157.719,861779.5827,2.2584748152965664,two_body_invalid
13.0,large_B_bielliptic,B/R=20,260.0,20.0,0.5352919021789165,0.530641266238087,0.004650635940829484,35.92970008859845,0.5820994922178572,96.98047162504572,166.60463189126045,96.39837213282787,1736315.438,1729937.3017000002,4.516949630593133,two_body_invalid
13.0,large_B_bielliptic,B/R=50,650.0,50.0,0.5352919021789165,0.5297379948742028,0.005553907304713723,42.908158436209185,0.5820994922178572,374.28015401948517,642.9831309308319,373.69805452726735,4340788.595,4334410.458699999,11.29237407648283,two_body_invalid
13.0,large_B_bielliptic,B/R=100,1300.0,100.0,0.5352919021789165,0.529420964236465,0.005870937942451526,45.357461257961496,0.5820994922178572,1050.151546092413,1804.0756951895466,1049.5694466001949,8681577.19,8675199.0537,22.58474815296566,two_body_invalid
14.0,large_B_bielliptic,B/R=1.25,17.5,1.25,0.5359313367455175,0.5366941725462534,-0.0007628358007358838,-5.893486801806636,0.6455680902164185,2.8488107247942396,4.412874130502969,2.2032426345778213,116867.38525,110489.24895000001,0.304025455905307,lunar_third_body_caution
14.0,large_B_bielliptic,B/R=1.5,21.0,1.5,0.5359313367455175,0.53659218448138,-0.000660847735862502,-5.105551424765803,0.6455680902164185,3.4476222233650238,5.340447081591738,2.8020541331486055,140240.8623,133862.726,0.36483054708636836,lunar_third_body_caution
14.0,large_B_bielliptic,B_crit,26.10461128235042,1.8646150915964586,0.5359313367455175,0.5359313367455175,0.0,0.0,0.6455680902164185,4.390343719450671,6.800744624751921,3.744775629234253,174330.1522020539,167952.01590205388,0.45351236264842326,lunar_third_body_caution
14.0,large_B_bielliptic,B/R=2,28.0,2.0,0.5359313367455175,0.5356363088346072,0.0002950279109102949,2.2793150209220596,0.6455680902164185,4.760087958861736,7.373487058918879,4.114519868645318,186987.8164,180609.6801,0.4864407294484912,lunar_third_body_caution
14.0,large_B_bielliptic,1.1*B_crit,28.715072410585464,2.0510766007561045,0.5359313367455175,0.5355231566882245,0.0004081800572930394,3.153501419435997,0.6455680902164185,4.902241765720003,7.593686614957361,4.256673675503585,191763.16742225928,185385.03112225927,0.4988635989132656,lunar_third_body_caution
14.0,large_B_bielliptic,B/R=3,42.0,3.0,0.5359313367455175,0.53356910612099,0.0023622306245275615,18.25002837445061,0.6455680902164185,7.790138299716365,12.067105573797523,7.144570209499947,280481.7246,274103.5883,0.7296610941727367,lunar_third_body_caution
14.0,large_B_bielliptic,2*B_crit,52.20922256470084,3.729230183192917,0.5359313367455175,0.532402720124288,0.0035286166212294967,27.26124739529851,0.6455680902164185,10.299697013790196,15.954470442207503,9.654128923573777,348660.3044041078,342282.1681041078,0.9070247252968465,lunar_third_body_caution
14.0,large_B_bielliptic,B/R=5,70.0,5.0,0.5359313367455175,0.5309368173346811,0.0049945194108363955,38.586461464886945,0.6455680902164185,15.203106117696235,23.54996529118964,14.557538027479817,467469.541,461091.4047,1.216101823621228,two_body_invalid
14.0,large_B_bielliptic,B/R=10,140.0,10.0,0.5359313367455175,0.5282752982294482,0.00765603851606933,59.14872100267355,0.6455680902164185,39.84183994955956,61.71593756470071,39.196271859343135,934939.082,928560.9457,2.432203647242456,two_body_invalid
14.0,large_B_bielliptic,B/R=20,280.0,20.0,0.5359313367455175,0.5266902504743592,0.009241086271158272,71.39442055667784,0.6455680902164185,108.3615422357657,167.85455148416472,107.71597414554927,1869878.164,1863500.0277000002,4.864407294484912,two_body_invalid
14.0,large_B_bielliptic,B/R=50,700.0,50.0,0.5359313367455175,0.5256497915454216,0.010281545200095943,79.43275719426191,0.6455680902164185,418.25252852390037,647.8829032328512,417.6069604336839,4674695.41,4668317.2737,12.161018236212279,two_body_invalid
14.0,large_B_bielliptic,B/R=100,1400.0,100.0,0.5359313367455175,0.5252873169295955,0.010644019815922001,82.23314931311637,0.6455680902164185,1173.5760586896708,1817.8966347240685,1172.9304905994545,9349390.82,9343012.6837,24.322036472424557,two_body_invalid
15.0,large_B_bielliptic,B_crit,18.19028151222189,1.2126854341481261,0.5362181905925487,0.5362181905925487,0.0,0.0,0.7111891803736509,3.058989918836786,4.301232362997461,2.3478007384631354,121477.1792739879,115099.0429739879,0.3160176359885221,lunar_third_body_caution
15.0,large_B_bielliptic,B/R=1.25,18.75,1.25,0.5362181905925487,0.5361542613854106,6.392920713815808e-05,0.49390175206150916,0.7111891803736509,3.1541318132880964,4.435010965199092,2.4429426329144457,125215.05562500001,118836.91932500001,0.3257415598985432,lunar_third_body_caution
15.0,large_B_bielliptic,1.1*B_crit,20.009309663444082,1.3339539775629388,0.5362181905925487,0.5359700338606264,0.00024815673192235543,1.9171995112880562,0.7111891803736509,3.3719646280697666,4.74130473455484,2.660775447696116,133624.89720138672,127246.76090138672,0.34761939958737437,lunar_third_body_caution
15.0,large_B_bielliptic,B/R=1.5,22.5,1.5,0.5362181905925487,0.5355003625519392,0.0007178280406094917,5.545767620263387,0.7111891803736509,3.817753975010864,5.368127188050103,3.1065647946372135,150258.06675,143879.93044999999,0.3908898718782518,lunar_third_body_caution
15.0,large_B_bielliptic,B/R=2,30.0,2.0,0.5362181905925487,0.5338575034572848,0.002360687135263939,18.23810374585411,0.7111891803736509,5.272466242643196,7.413591753284409,4.5612770622695455,200344.089,193965.9527,0.5211864958376691,lunar_third_body_caution
15.0,large_B_bielliptic,2*B_crit,36.38056302444378,2.4253708682962523,0.5362181905925487,0.5325651175093042,0.0036530730832444736,28.222768230551978,0.7111891803736509,6.6322894849291725,9.325633274461012,5.921100304555522,242954.3585479758,236576.2222479758,0.6320352719770442,lunar_third_body_caution
15.0,large_B_bielliptic,B/R=3,45.0,3.0,0.5362181905925487,0.531111850361083,0.0051063402314657225,39.45036235930013,0.7111891803736509,8.631449507344392,12.136643449510192,7.92026032697074,300516.1335,294137.9972,0.7817797437565036,lunar_third_body_caution
15.0,large_B_bielliptic,B/R=5,75.0,5.0,0.5362181905925487,0.5279481113937459,0.008270079198802849,63.89265233884228,0.7111891803736509,16.85037868811658,23.693243869744446,16.13918950774293,500860.22250000003,494482.0862,1.3029662395941728,two_body_invalid
15.0,large_B_bielliptic,B/R=10,150.0,10.0,0.5362181905925487,0.5248980908454941,0.011320099747054613,87.45638103251483,0.7111891803736509,44.17132037083727,62.10910063006042,43.46013119046362,1001720.4450000001,995342.3087,2.6059324791883456,two_body_invalid
15.0,large_B_bielliptic,B/R=20,300.0,20.0,0.5362181905925487,0.523123056881918,0.013095133710630757,101.16986855761918,0.7111891803736509,120.1559700684006,168.9507846636137,119.44478088802694,2003440.8900000001,1997062.7537000002,5.211864958376691,two_body_invalid
15.0,large_B_bielliptic,B/R=50,750.0,50.0,0.5362181905925487,0.5219702213786385,0.01424796921391025,110.07639970977228,0.7111891803736509,463.82361877082405,652.1803643400991,463.11242959045046,5008602.225,5002224.088699999,13.029662395941726,two_body_invalid
15.0,large_B_bielliptic,B/R=100,1500.0,100.0,0.5362181905925487,0.5215705806015284,0.014647609991020327,113.16392869450257,0.7111891803736509,1301.4895460649598,1830.018765725839,1300.778356884586,10017204.45,10010826.3137,26.05932479188345,two_body_invalid
15.5,large_B_bielliptic,B_crit,15.896871011509875,1.025604581387734,0.5362575500279885,0.5362575500279885,0.0,0.0,0.7447852776268149,2.7267632565449507,3.6611401144146054,1.981977978918136,106161.47135838181,99783.33505838181,0.27617448324240845,lunar_third_body_caution
15.5,large_B_bielliptic,1.1*B_crit,17.486558112660862,1.1281650395265073,0.5362575500279885,0.536137005935772,0.00012054409221651241,0.9312948026671706,0.7447852776268149,2.988545320528075,4.012626739952193,2.2437600429012603,116777.61849421999,110399.48219421999,0.3037919315666493,lunar_third_body_caution
15.5,large_B_bielliptic,B/R=1.25,19.375,1.25,0.5362575500279885,0.5358257464340428,0.0004318035939456788,3.3360112090132814,0.7447852776268149,3.3106364091180507,4.44508841483423,2.5658511314912356,129388.8908125,123010.7545125,0.3365996118951613,lunar_third_body_caution
15.5,large_B_bielliptic,B/R=1.5,23.25,1.5,0.5362575500279885,0.5349271559568616,0.0013303940711268947,10.278306146387617,0.7447852776268149,4.007486641646269,5.380727522455507,3.262701364019454,155266.668975,148888.532675,0.4039195342741936,lunar_third_body_caution
15.5,large_B_bielliptic,B/R=2,31.0,2.0,0.5362575500279885,0.5329808562644905,0.0032766937634979287,25.314951697479714,0.7447852776268149,5.535130500807991,7.4318473620278045,4.790345223181176,207022.2253,200644.08899999998,0.538559379032258,lunar_third_body_caution
15.5,large_B_bielliptic,2*B_crit,31.79374202301975,2.051209162775468,0.5362575500279885,0.532793664281352,0.0034638857466364747,26.761152152370265,0.7447852776268149,5.701039445455868,7.6546081356786075,4.956254167829053,212322.94271676362,205944.8064167636,0.5523489664848169,lunar_third_body_caution
15.5,large_B_bielliptic,B/R=3,46.5,3.0,0.5362575500279885,0.5299369891014049,0.006320560926583618,48.83114081025201,0.7447852776268149,9.062768690949165,12.168297310906555,8.317983413322349,310533.33795,304155.20165,0.8078390685483872,lunar_third_body_caution
15.5,large_B_bielliptic,B/R=5,77.5,5.0,0.5362575500279885,0.5265408932897041,0.009716656738284368,75.06856415171222,0.7447852776268149,17.694956790032982,23.75846746919625,16.950171512406165,517555.56325,511177.42695,1.3463984475806452,two_body_invalid
15.5,large_B_bielliptic,B/R=10,155.0,10.0,0.5362575500279885,0.5233218771134213,0.012935672914567209,99.93791261624946,0.7447852776268149,46.391250095838245,62.28808690158243,45.646464818211435,1035111.1265,1028732.9902,2.6927968951612904,two_body_invalid
15.5,large_B_bielliptic,B/R=20,310.0,20.0,0.5362575500279885,0.5214645209645853,0.014793029063403185,114.28740163978462,0.7447852776268149,126.20376017333909,169.4498588579449,125.45897489571229,2070222.253,2063844.1167000001,5.385593790322581,two_body_invalid
15.5,large_B_bielliptic,B/R=50,775.0,50.0,0.5362575500279885,0.5202631059499713,0.0159944440780172,123.56924646836984,0.7447852776268149,487.1915212339204,654.1368846418505,486.44673595629354,5175555.6325,5169177.4962,13.463984475806452,two_body_invalid
15.5,large_B_bielliptic,B/R=100,1550.0,100.0,0.5362575500279885,0.5198474186564871,0.01641013137150138,126.7807469976639,0.7447852776268149,1367.0814531968244,1835.5376969223869,1366.3366679191977,10351111.265,10344733.128700001,26.927968951612904,two_body_invalid
16.0,all_bielliptic,B/R=1.25,20.0,1.25,0.5362393885688164,0.53546621177573,0.0007731767930864164,5.973378833455723,0.7788943418454565,3.4696485353612743,4.454581769255811,2.6907541935158177,133562.726,127184.5897,0.3474576638917794,lunar_third_body_caution
16.0,all_bielliptic,B/R=1.5,24.0,1.5,0.5362393885688164,0.5343410837237776,0.001898304845038723,14.665848848794125,0.7788943418454565,4.200263439478608,5.3925971904312515,3.4213690976331512,160275.27120000002,153897.1349,0.4169491966701353,lunar_third_body_caution
16.0,all_bielliptic,B/R=2,32.0,2.0,0.5362393885688164,0.5321145355488776,0.004124853019938812,31.86762709478339,0.7788943418454565,5.802018263952595,7.449044051604879,5.023123922107138,213700.3616,207322.2253,0.555932262226847,lunar_third_body_caution
16.0,all_bielliptic,B/R=3,48.0,3.0,0.5362393885688164,0.5287961227354031,0.0074432658334132595,57.504890186384024,0.7788943418454565,9.501042956554242,12.198115259180277,8.722148614708786,320550.54240000003,314172.4061,0.8338983933402706,lunar_third_body_caution
16.0,all_bielliptic,B/R=5,80.0,5.0,0.5362393885688164,0.5251868632501971,0.011052525318619222,85.38916504584549,0.7788943418454565,18.553192872715414,23.819909679606614,17.774298530869956,534250.904,527872.7677,1.3898306555671176,two_body_invalid
16.0,all_bielliptic,B/R=10,160.0,10.0,0.5362393885688164,0.5218133358446378,0.014426052724178517,111.4522302834986,0.7788943418454565,48.64717165443686,62.45670181551934,47.86827731259141,1068501.808,1062123.6717,2.779661311134235,two_body_invalid
16.0,all_bielliptic,B/R=20,320.0,20.0,0.5362393885688164,0.5198809097060378,0.016358478862778525,126.38169207897143,0.7788943418454565,132.34974534619337,169.92002411086128,131.57085100434793,2137003.616,2130625.4797,5.55932262226847,two_body_invalid
16.0,all_bielliptic,B/R=50,800.0,50.0,0.5362393885688164,0.5186352649689452,0.01760412359987118,136.0052451564668,0.7788943418454565,510.9391878180677,655.9800994413247,510.16029347622225,5342509.04,5336130.9037,13.898306555671176,two_body_invalid
16.0,all_bielliptic,B/R=100,1600.0,100.0,0.5362393885688164,0.5182049803836991,0.018034408185117257,139.32952086786148,0.7788943418454565,1433.7396677875565,1840.7370432176415,1432.960773445711,10685018.08,10678639.9437,27.796613111342353,two_body_invalid
17.0,all_bielliptic,B/R=1.25,21.25,1.25,0.5360589585634421,0.5346730130641383,0.00138594549930382,10.707483183525092,0.84862129300095,3.795041318763838,4.472008126668099,2.946420025762888,141910.396375,135532.260075,0.36917376788501566,lunar_third_body_caution
17.0,all_bielliptic,B/R=1.5,25.5,1.5,0.5360589585634421,0.5331426217114257,0.0029163368520164212,22.53092045549115,0.84862129300095,4.594762175570145,5.414384736119273,3.746140882569195,170292.47565,163914.33935,0.44300852146201875,lunar_third_body_caution
17.0,all_bielliptic,B/R=2,34.0,2.0,0.5360589585634421,0.5304165019618698,0.005642456601572254,43.592269108311335,0.84862129300095,6.348203996707614,7.480608899475856,5.499582703706665,227056.6342,220678.4979,0.590678028616025,lunar_third_body_caution
17.0,all_bielliptic,B/R=3,51.0,3.0,0.5360589585634421,0.5266109831070611,0.009447975456380986,72.99279688008895,0.84862129300095,10.398026951401313,12.252847102894545,9.549405658400362,340584.9513,334206.815,0.8860170429240375,lunar_third_body_caution
17.0,all_bielliptic,B/R=5,85.0,5.0,0.5360589585634421,0.5226255061303404,0.013433452433101678,103.78363802643936,0.84862129300095,20.309792734095968,23.932692829654503,19.46117144109502,567641.5855,561263.4492,1.4766950715400626,two_body_invalid
17.0,all_bielliptic,B/R=10,170.0,10.0,0.5360589585634421,0.5189806704407723,0.01707828812266976,131.94276612517496,0.84862129300095,53.26475477906944,62.76622472046529,52.41613348606849,1135283.171,1128905.0347000002,2.9533901430801253,two_body_invalid
17.0,all_bielliptic,B/R=20,340.0,20.0,0.5360589585634421,0.5169169513289003,0.019142007234541847,147.88656600546565,0.84862129300095,144.9301934745722,170.7831215995778,144.08157218157123,2270566.342,2264188.2057000003,5.9067802861602505,two_body_invalid
17.0,all_bielliptic,B/R=50,850.0,50.0,0.5360589585634421,0.5155941389919048,0.02046481957153734,158.10629748874084,0.84862129300095,559.5501723603205,659.3638139594667,558.7015510673195,5676415.855,5670037.7187,14.766950715400625,two_body_invalid
17.0,all_bielliptic,B/R=100,1700.0,100.0,0.5360589585634421,0.5151384197976836,0.0209205387657585,161.62707490097225,0.84862129300095,1570.188619628255,1850.2819014541242,1569.339998335254,11352831.71,11346453.573700001,29.53390143080125,two_body_invalid
20.0,all_bielliptic,B/R=1.25,25.0,1.25,0.5347313605004519,0.5319377419024994,0.002793618597952463,21.58282859880455,1.0693850516002033,4.8276819963612905,4.514446867512556,3.7582969447610877,166953.4075,160575.2712,0.43432207986472426,lunar_third_body_caution
20.0,all_bielliptic,B/R=1.5,30.0,1.5,0.5347313605004519,0.5294842904183721,0.005247070082079808,40.537607499622915,1.0693850516002033,5.846798329054867,5.467439740536725,4.777413277454663,200344.089,193965.9527,0.5211864958376691,lunar_third_body_caution
20.0,all_bielliptic,B/R=2,40.0,2.0,0.5347313605004519,0.5256306136214401,0.009100746879011745,70.31019200501409,1.0693850516002033,8.08184378123559,7.557468443328346,7.012458729635386,267125.452,260747.31569999998,0.6949153277835588,lunar_third_body_caution
20.0,all_bielliptic,B/R=3,60.0,3.0,0.5347313605004519,0.5207390914460758,0.013992269054376116,108.10092148237321,1.0693850516002033,13.24553158896451,12.386120012753313,12.176146537364309,400688.178,394310.0417,1.0423729916753381,two_body_invalid
20.0,all_bielliptic,B/R=5,100.0,5.0,0.5347313605004519,0.5159265023297744,0.018804858170677452,145.28183303906647,1.0693850516002033,25.886970305879277,24.207342591092527,24.817585254279074,667813.63,661435.4937,1.737288319458897,two_body_invalid
20.0,all_bielliptic,B/R=10,200.0,10.0,0.5347313605004519,0.5116934568441717,0.023037903656280223,177.98532922629462,1.0693850516002033,67.92739166055983,63.52004973224083,66.85800660895961,1335627.26,1329249.1237,3.474576638917794,two_body_invalid
20.0,all_bielliptic,B/R=20,400.0,20.0,0.5347313605004519,0.5093482175055791,0.025383142994872765,196.10408699269675,1.0693850516002033,184.88093252448485,172.88527855128822,183.81154747288463,2671254.52,2664876.3837,6.949153277835588,two_body_invalid
20.0,all_bielliptic,B/R=50,1000.0,50.0,0.5347313605004519,0.5078610691984058,0.0268702913020461,207.59343884561227,1.0693850516002033,713.9273725683796,667.6055285232154,712.8579875167794,6678136.3,6671758.163699999,17.37288319458897,two_body_invalid
20.0,all_bielliptic,B/R=100,2000.0,100.0,0.5347313605004519,0.507351385330485,0.02737997516996693,211.53113440970023,1.0693850516002033,2003.525687645307,1873.5306657291285,2002.4563025937068,13356272.6,13349894.4637,34.74576638917794,two_body_invalid
50.0,all_bielliptic,B/R=1.25,62.5,1.25,0.5136958385847591,0.5074920928977972,0.0062037456869619145,47.928654230182914,4.047253721412756,18.882677553156686,4.6655532004960145,14.835423831743931,417383.51875,411005.38245,1.0858051996618105,two_body_invalid
50.0,all_bielliptic,B/R=1.5,75.0,1.5,0.5136958385847591,0.5029245346507587,0.010771303934000387,83.21651594227946,4.047253721412756,22.892458807708874,5.656294461252089,18.84520508629612,500860.22250000003,494482.0862,1.3029662395941728,two_body_invalid
50.0,all_bielliptic,B/R=2,100.0,2.0,0.5136958385847591,0.4966507566069862,0.01704508197777288,131.68622339802468,4.047253721412756,31.694087426059014,7.831010756349545,27.64683370464626,667813.63,661435.4937,1.737288319458897,two_body_invalid
50.0,all_bielliptic,B/R=3,150.0,3.0,0.5136958385847591,0.4896448889286608,0.024050949656098275,185.81188013514193,4.047253721412756,52.0495601795159,12.860463850867053,48.00230645810314,1001720.4450000001,995342.3087,2.6059324791883456,two_body_invalid
50.0,all_bielliptic,B/R=5,250.0,5.0,0.5136958385847591,0.48341568473947233,0.03028015384528676,233.93722065970343,4.047253721412756,101.9305256671305,25.18510888700847,97.88327194571775,1669534.075,1663155.9387,4.343220798647242,two_body_invalid
50.0,all_bielliptic,B/R=10,500.0,10.0,0.5136958385847591,0.47831627706522506,0.03537956151953403,273.3340237413316,4.047253721412756,267.9465356057132,66.20453128206215,263.8992818843005,3339068.15,3332690.0137,8.686441597294484,two_body_invalid
50.0,all_bielliptic,B/R=20,1000.0,20.0,0.5136958385847591,0.47561113757684104,0.038084701007918054,294.233283918237,4.047253721412756,730.0147056806776,180.3728542686607,725.9674519592647,6678136.3,6671758.163699999,17.37288319458897,two_body_invalid
50.0,all_bielliptic,B/R=50,2500.0,50.0,0.5136958385847591,0.4739339746932978,0.0397618638914613,307.1906429057242,4.047253721412756,2820.795151871689,696.965237674066,2816.7478981502763,16695340.75,16688962.6137,43.43220798647243,two_body_invalid
50.0,all_bielliptic,B/R=100,5000.0,100.0,0.5136958385847591,0.47336550397918925,0.04033033460556984,311.5825115720615,4.047253721412756,7917.862384126265,1956.3543402864336,7913.815130404852,33390681.5,33384303.3637,86.86441597294485,two_body_invalid
100.0,all_bielliptic,B/R=1.25,125.0,1.25,0.4931231385659779,0.48705836076125014,0.00606477780472775,46.85502163581333,11.279431927969565,53.220803223648886,4.718393937169607,41.941371295679325,834767.0375,828388.9012,2.171610399323621,two_body_invalid
100.0,all_bielliptic,B/R=1.5,150.0,1.5,0.4931231385659779,0.4827003233251754,0.010422815240802519,80.52417571393775,11.279431927969565,64.54448678836707,5.722317152188874,53.26505486039751,1001720.4450000001,995342.3087,2.6059324791883456,two_body_invalid
100.0,all_bielliptic,B/R=2,200.0,2.0,0.4931231385659779,0.47684285631549833,0.01628028225047956,125.77756376972668,11.279431927969565,89.4078061644646,7.926623143383701,78.12837423649503,1335627.26,1329249.1237,3.474576638917794,two_body_invalid
100.0,all_bielliptic,B/R=3,300.0,3.0,0.4931231385659779,0.4704555241372302,0.022667614428747707,175.12456328792507,11.279431927969565,146.92896018214574,13.026273053504278,135.6495282541762,2003440.8900000001,1997062.7537000002,5.211864958376691,two_body_invalid
100.0,all_bielliptic,B/R=5,500.0,5.0,0.4931231385659779,0.464895197516801,0.02822794104917692,218.08231582080538,11.279431927969565,287.9297860816582,25.526975819383228,276.6503541536887,3339068.15,3332690.0137,8.686441597294484,two_body_invalid
100.0,all_bielliptic,B/R=10,1000.0,10.0,0.4931231385659779,0.46041744823687186,0.03270569032910603,252.67633494996028,11.279431927969565,757.3397499760638,67.14343016673483,746.0603180480942,6678136.3,6671758.163699999,17.37288319458897,two_body_invalid
100.0,all_bielliptic,B/R=20,2000.0,20.0,0.4931231385659779,0.45806697890094417,0.035056159665033726,270.83549842390585,11.279431927969565,2064.047677704652,182.99216581878034,2052.7682457766823,13356272.6,13349894.4637,34.74576638917794,two_body_invalid
100.0,all_bielliptic,B/R=50,5000.0,50.0,0.4931231385659779,0.4566179163649379,0.036505222201039966,282.0306087251095,11.279431927969565,7977.234703439355,707.2372752796385,7965.955271511386,33390681.5,33384303.3637,86.86441597294485,two_body_invalid
100.0,all_bielliptic,B/R=100,10000.0,100.0,0.4931231385659779,0.45612814674765445,0.03699499181832344,285.8144515555084,11.279431927969565,22393.4297626199,1985.3331183364824,22382.15033069193,66781363.0,66774984.8637,173.7288319458897,two_body_invalid
